[Header],Unnamed: 1,Unnamed: 2,Unnamed: 3,Unnamed: 4,Unnamed: 5,Unnamed: 6,Unnamed: 7,Unnamed: 8,Unnamed: 9,Unnamed: 10,Unnamed: 11,Unnamed: 12,Unnamed: 13,Unnamed: 14,Unnamed: 15,Unnamed: 16
IEMFileVersion,4,,,,,,,,,,,,,,,
Date,2020/7/25,,,,,,,,,,,,,,,
Workflow,GenerateFASTQ,,,,,,,,,,,,,,,
Application,NextSeq FASTQ Only,,,,,,,,,,,,,,,
Assay,Nextera XT v2,,,,,,,,,,,,,,,
Description,,,,,,,,,,,,,,,,
Chemistry,Amplicon,,,,,,,,,,,,,,,
,,,,,,,,,,,,,,,,
[Reads],,,,,,,,,,,,,,,,
75,,,,,,,,,,,,,,,,
0,,,,,,,,,,,,,,,,
[Settings],,,,,,,,,,,,,,,,
Adapter,CTGTCTCTTATACACATCT,,,,,,,,,,,,,,,
,,,,,,,,,,,,,,,,
[Data],,,,,,,,,,,,,,,,
Sample_ID,Sample_Name,Sample_Plate,Sample_Well,I7_Index_ID,index,I5_Index_ID,index2,Sample_Project,Description,Note,Primer,Hybrid_ID,DNA_Quality,Product_Code,DNA_input_ng,lymphosight_ID
S1_0724_ZFKL1,S1_0724_ZFKL1,,,ES1,CGATGT,,,CNS,DNA,,,,,,,
S3_0724_ZFKL1,S3_0724_ZFKL1,,,ES2,TGACCA,,,CNS,DNA,,,,,,,
NC1_0724_ZFKL1,NC1_0724_ZFKL1,,,ES3,ACAGTG,,,CNS,NC,,,,,,,
NC2_0724_ZFKL1,NC2_0724_ZFKL1,,,ES4,GCCAAT,,,CNS,NC,,,,,,,
S1_0724_GRL1,S1_0724_GRL1,,,ES5,CAGATC,,,CNS,DNA,,,,,,,
S3_0724_GRL1,S3_0724_GRL1,,,ES6,CTTGTA,,,CNS,DNA,,,,,,,
NC1_0724_GRL1,NC1_0724_GRL1,,,ES7,ATCACG,,,CNS,NC,,,,,,,
NC2_0724_GRL1,NC2_0724_GRL1,,,ES8,TTAGGC,,,CNS,NC,,,,,,,
200705408Q1D1L1,200705408Q1D1L1,,,ES9,ACTTGA,,,CNS,Q,,,,,,,
NC1_0725_ZFKL1,NC1_0725_ZFKL1,,,ES10,GATCAG,,,CNS,NC,,,,,,,
NC2_0725_ZFKL1,NC2_0725_ZFKL1,,,ES11,TAGCTT,,,CNS,NC,,,,,,,
200705408_GRL1,200705408_GRL1,,,ES12,GGCTAC,,,CNS,Q,,,,,,,
NC1_0725_GRL1,NC1_0725_GRL1,,,ES13,AGTCAA,,,CNS,NC,,,,,,,
NC2_0725_GRL1,NC2_0725_GRL1,,,ES14,AGTTCC,,,CNS,NC,,,,,,,
